id,first_name,last_name,dob
1,Riobard,Rumney,1990-06-14
2,Anton,Summerton,1998-07-26
3,Lilah,Dorricott,1999-04-11
4,Ransom,Burling,1992-06-05
5,Veronica,Walley,1992-04-05
6,Arden,Schankel,1991-01-01
7,Richy,Blacklock,1992-12-17
8,Karlik,Tofano,1992-08-15
9,Timoteo,Broomhead,1996-11-28
10,Morley,Ceeley,1998-03-30
11,Olivier,Saltern,1998-02-28
12,Gilbertine,Galer,1993-06-19
13,Belle,Gamet,1998-01-16
14,Nial,Oventon,1996-05-30
15,Jasmin,Cussins,1997-03-15
16,Trev,Carvill,1990-07-02
17,Nikaniki,De Andreis,1994-04-27
18,Lannie,L'argent,1994-05-22
19,Braden,Joseff,1992-03-16
20,Gertruda,Hawtin,1992-01-05
